{"cameraMode":{"drawMode":0,"name":"Shaded","section":"Shading Mode"},"sceneLighting":false,"audioPlay":false,"sceneViewState":{"m_AlwaysRefresh":false,"showFog":true,"showSkybox":false,"showFlares":true,"showImageEffects":true,"showParticleSystems":true,"showVisualEffectGraphs":true,"m_FxEnabled":true},"in2DMode":false,"pivot":{"x":-0.12143892049789429,"y":-5.843136787414551,"z":3.898880958557129},"rotation":{"x":0.306962788105011,"y":-0.001427571172825992,"z":0.0004604488203767687,"w":0.9517207741737366},"size":14.967638969421387,"orthographic":false}