{"cameraMode":{"drawMode":0,"name":"Shaded","section":"Shading Mode"},"sceneLighting":false,"audioPlay":false,"sceneViewState":{"m_AlwaysRefresh":false,"showFog":true,"showSkybox":false,"showFlares":true,"showImageEffects":true,"showParticleSystems":true,"showVisualEffectGraphs":true,"m_FxEnabled":true},"in2DMode":false,"pivot":{"x":-3.1001510620117189,"y":-17.00946807861328,"z":3.239960193634033},"rotation":{"x":0.7074683308601379,"y":0.009539918042719365,"z":-0.009551400318741799,"w":0.7066169381141663},"size":21.26036262512207,"orthographic":false}